{
    "id":1,
    "length":60,
    "level":{
        "objects": {
                "bush":[],
                "sky": [],
                "cloud":[
                    [5,5],
                    [13,3],
                    [26,5],
                    [32,3],
                    [42,6],
                    [55,4]
                ],
                "pipe":[
                    [6,12,4],
                    [12,12,4],
                    [18,12,4],
                    [24,10,6],
                    [32,12,6],
                    [36,9,6]
                ],
                "ground":[
                    [0,12],
                    [1,12],
                    [1,13],
                    [1,14],
                    [2,12],
                    [2,13],
                    [2,14],
                    [3,12],
                    [3,13],
                    [3,14],
                    [4,12],
                    [40,8],
                    [41,8],
                    [41,9],
                    [41,10],
                    [41,11],
                    [41,12],
                    [42,8],
                    [42,12],
                    [43,8],
                    [43,12],
                    [44,8],
                    [44,12],
                    [45,8],
                    [45,12],
                    [46,8],
                    [46,12],
                    [47,8],
                    [47,12],
                    [48,12],
                    [49,12],
                    [50,8],
                    [50,12],
                    [51,8],
                    [51,12],
                    [52,8],
                    [52,12],
                    [53,8],
                    [53,12],
                    [54,8],
                    [54,12],
                    [55,8],
                    [55,12],
                    [56,8],
                    [56,9],
                    [56,10],
                    [56,11],
                    [56,12],
                    [57,8]
                ]
            },
        "layers": {
                "sky":{
                    "x":[0,60],
                    "y":[0,15]
                },
                "ground":{
                    "x":[0,60],
                    "y":[16,16]
                }
            },
        "entities": {
                "CoinBox":[
                    [2,8],
                    [42,4],
                    [56,1]
                ],
                "coinBrick":[
                ],
                "coin":[
                    [20,8],
                    [21,8],
                    [22,8],
                    [23,8],
                    [20,7],
                    [21,7],
                    [22,7],
                    [23,7]
                ],
                "Goomba":[
                    [11,4],
                    [11,42],
                    [11,44],
                    [11,46],
                    [11,48],
                    [11,50],
                    [11,52],
                    [11,54]
                ],
                "Koopa":[
                    [11,51]
                ],
                "RandomBox":[
                  [2, 3, "RedMushroom"],
                  [52, 1, "RedMushroom"]
                ]
            }

    }
}
