{
    "id":0,
    "length":60,
    "level":{
        "objects": {
                "bush":[
                    [58,12],
                    [43,12],
                    [36,12],
                    [26,12],
                    [20,12],
                    [16,12]
                ],
                "sky":[
                    [12,13],
                    [11,13],
                    [12,14],
                    [11,14]
                ],
                "cloud":[
                    [55,5],
                    [47,3],
                    [34,5],
                    [28,3],
                    [18,6],
                    [5,4]
                ],
                "pipe":[
                    [52,10,4],
                    [48,12,4],
                    [38,12,4],
                    [31,9,6]
                ],
                "ground":[
                    [20,9],
                    [19,9],
                    [18,9],
                    [17,9],
                    [16,9],
                    [15,9],
                    [14,9],
                    [13,9],
                    [10,9],
                    [9,9],
                    [8,9],
                    [7,9],
                    [6,9],
                    [5,9],
                    [6,8],
                    [5,8],
                    [4,8],
                    [3,8],
                    [2,8],
                    [1,8]
                ]
            },
        "layers": {
                "sky":{
                    "x":[0,60],
                    "y":[0,13]
                },
                "ground":{
                    "x":[0,60],
                    "y":[14,16]
                }
            },
        "entities": {
                "CoinBox":[
                    [56,8],
                    [18,5],
                    [8,3]
                ],
                "coinBrick":[
                    [23,9]
                ],
                "coin":[
                    [39,8],
                    [38,8],
                    [37,8],
                    [36,8],
                    [39,7],
                    [38,7],
                    [37,7],
                    [36,7]
                ],
                "Goomba":[
                    [12,48],
                    [12,45],
                    [10,52]
                ],
                "Koopa":[
                    [12,35],
                    [12,38],
                    [12,27],
                    [12,20]
                ],
                "RandomBox":[
                  [4, 3, "RedMushroom"],
                  [52, 2, "RedMushroom"]
                ]
            }

    }
}