{
    "spriteSheetURL": "./assets/images//tiles.png",
    "type":"animation",
    "sprites":[
        {
            "name":"CoinBox",
            "images":[
                {
                    "x":24,
                    "y":0,
                    "scale":2
                },
                {
                    "x":25,
                    "y":0,
                    "scale":2
                },
                {
                    "x":26,
                    "y":0,
                    "scale":2
                }
            ],
            "deltaTime":10,
            "colorKey": null
        },
        {
            "name":"coin",
            "images":[
                {
                    "x":24,
                    "y":1,
                    "scale":2
                },
                {
                    "x":25,
                    "y":1,
                    "scale":2
                },
                {
                    "x":26,
                    "y":1,
                    "scale":2
                }
            ],
            "deltaTime":10,
            "colorKey": -1
        }
    ]
}

