{
    "spriteSheetURL": "./assets/images//Items.png",
    "type":"animation",
    "sprites":[
        {
            "name":"coin-item",
            "images":[
                {
                    "x":0, 
                    "y":7,
                    "scale":2
                },
                {
                    "x":1, 
                    "y":7,
                    "scale":2
                },
                {
                    "x":2, 
                    "y":7,
                    "scale":2
                },
                {
                    "x":3, 
                    "y":7,
                    "scale":2
                }
            ],
            "deltaTime":10,
            "colorKey": -1
        }
    ]
}

