{
    "spriteSheetURL": "./assets/images//characters.gif",
    "type":"character",
    "size":[16,16],
    "sprites":[
        {
            "name":"player_idle",
            "x":276,
            "y":44,
            "scalefactor":2,
            "colorKey":-1,
            "collision":false
        },
        {
            "name":"player_run1",
            "x":290,
            "y":44,
            "scalefactor":2,
            "colorKey":-1,
            "collision":false
        },
        {
            "name":"player_run2",
            "x":304,
            "y":44,
            "scalefactor":2,
            "colorKey":-1,
            "collision":false
        },
        {
            "name":"player_run3",
            "x":321,
            "y":44,
            "scalefactor":2,
            "colorKey":-1,
            "collision":false
        },
        {
            "name":"player_break",
            "x":337,
            "y":44,
            "scalefactor":2,
            "colorKey":-1,
            "collision":false
        },
        {
            "name":"player_jump",
            "x":355,
            "y":44,
            "scalefactor":2,
            "colorKey":-1,
            "collision":false
        },
        {
            "name":"player_dead",
            "x":355,
            "y":44,
            "scalefactor":2,
            "colorKey":-1,
            "collision":false

        },
        {
            "name":"player_big_idle",
            "x":259,
            "y":1,
            "scalefactor":2,
            "colorKey":-1,
            "collision":false,
            "xsize":16,
            "ysize":32
        },
        {
            "name":"player_big_run1",
            "x":296,
            "y":1,
            "scalefactor":2,
            "colorKey":-1,
            "collision":false,
            "xsize":16,
            "ysize":32
        },
        {
            "name":"player_big_run2",
            "x":315,
            "y":1,
            "scalefactor":2,
            "colorKey":-1,
            "collision":false,
            "xsize":16,
            "ysize":32
        },
        {
            "name":"player_big_run3",
            "x":332,
            "y":1,
            "scalefactor":2,
            "colorKey":-1,
            "collision":false,
            "xsize":16,
            "ysize":32
        },
        {
            "name":"player_big_jump",
            "x":369,
            "y":1,
            "scalefactor":2,
            "colorKey":-1,
            "collision":false,
            "xsize":16,
            "ysize":32
        },
        {
            "name":"player_big_break",
            "x":369,
            "y":1,
            "scalefactor":2,
            "colorKey":-1,
            "collision":false,
            "xsize":16,
            "ysize":32
        }
    ]
}

